customer_id,age,gender,tenure,service_usage,support_calls,monthly_charges,total_charges,churn
1,56,Male,40,26,3,100.28109348245005,2470.6324453171715,1
2,69,Male,45,14,1,116.09201469288247,2150.108713553834,1
3,46,Male,62,57,2,73.59350788521182,1853.2751217444059,1
4,32,Female,58,37,5,68.84956326599054,3009.5250965229156,1
5,60,Male,67,58,4,60.18871998907301,2920.407800336402,0
6,25,Male,56,21,7,35.36910428442045,891.1433869147764,0
7,38,Male,40,82,5,77.26072328820224,2411.5252038403514,1
8,56,Female,40,69,5,47.70125243259788,2812.0117034282644,1
9,36,Female,33,3,0,112.13075122129754,2894.4059997838135,0
10,40,Male,6,87,3,78.31908042770976,1129.5252452705238,0
11,28,Male,19,90,4,79.28401805081101,3737.129822036205,0
12,28,Male,40,37,2,55.492466087701004,223.4755646232412,0
13,41,Male,59,88,8,25.198935197770748,1838.676092161497,0
14,53,Female,59,49,0,23.174376537298862,3923.0419778246046,1
15,57,Female,48,19,5,62.33351441531975,2863.0753131714714,1
16,41,Female,41,89,5,28.456537809723784,1379.695919303215,1
17,20,Female,13,85,9,80.68469555401391,3505.2702847809337,1
18,39,Male,45,12,4,108.09730056396575,2880.2156263647594,0
19,19,Male,53,61,4,108.29148165187222,4001.593686336297,1
20,41,Male,42,41,9,85.90454101322324,3701.6234123301347,0
21,61,Female,63,33,4,41.123183147293105,3089.52881797755,0
22,47,Male,27,50,5,106.29968313588721,2492.0706090229887,0
23,55,Female,38,68,7,108.60934353132082,752.5924157708647,0
24,19,Female,60,71,1,39.66535849529587,1380.5317876383804,0
25,38,Male,7,86,5,93.74260857706773,2153.587417293718,0
26,50,Male,5,33,0,48.6519548927123,3036.5665063313045,0
27,29,Male,45,81,3,100.26403123529296,2617.1684905549937,1
28,39,Female,58,24,9,119.72378999036027,1512.1041772016945,0
29,61,Male,31,61,2,23.002600532939283,131.67535316958168,1
30,42,Female,23,61,8,109.73658657909318,2531.5721873139883,1
31,66,Male,42,98,2,82.26305335986581,1499.5673439549912,0
32,44,Female,10,28,5,117.33826191648211,3699.580673481622,0
33,59,Female,32,58,0,66.50095175264276,217.33669982536912,1
34,45,Male,53,43,5,104.73879305713737,2965.6562753983753,1
35,33,Female,30,41,3,26.239406859827724,4713.223763779721,1
36,32,Female,39,39,7,53.527905007829574,954.6054088463476,1
37,64,Male,31,86,8,26.701653775120995,2411.0825046779173,0
38,68,Female,2,49,3,117.53431334790706,547.967759903977,0
39,61,Male,12,17,9,101.69739072718367,3165.8413700806277,0
40,69,Female,39,98,9,105.25474212459704,2797.6052349215056,1
41,20,Male,66,70,5,113.79652314338942,2096.091068642879,0
42,54,Male,13,70,0,28.510348611978536,2654.747405221332,1
43,68,Female,46,98,3,58.55975925133334,4493.21582649815,0
44,24,Female,27,65,6,27.103488904400212,1061.8420813242285,1
45,38,Female,17,74,0,41.07931015500286,210.56610735620143,0
46,26,Female,60,85,7,42.936577703767234,4322.157935025594,0
47,56,Female,64,5,9,66.91072110475787,2927.8737037007418,1
48,35,Male,35,2,5,46.85621674536426,4464.226431763028,1
49,21,Female,70,22,4,30.09781068177611,3025.031594724546,1
50,42,Male,30,57,9,36.74910890941077,4069.789340802542,1
51,31,Male,71,66,8,34.72755635520909,2205.399480440225,1
52,67,Female,63,74,1,117.30767979122983,3774.313663312517,0
53,26,Male,28,98,4,95.92925069184736,4573.903187760295,1
54,43,Male,60,16,5,116.7761465269562,2903.402522238811,0
55,19,Male,37,51,6,63.974048650790856,985.8472377556598,0
56,37,Male,22,39,4,47.83684816626566,1417.108313647971,0
57,45,Female,68,86,8,99.82931972091866,1073.3584267972883,0
58,64,Male,20,76,0,52.62539180411468,1309.5994352190912,0
59,24,Female,68,88,6,49.938337370534825,1601.4357018200783,1
60,61,Female,64,40,9,43.250599220783116,2820.1555550906237,1
61,25,Male,17,38,6,32.96789782242354,2981.1589843727807,0
62,64,Female,12,60,3,45.6463061016766,2189.8487614851197,0
63,52,Female,22,59,8,55.53197484738877,3115.5618211220935,1
64,31,Female,17,10,4,87.39942081457303,499.717135495693,1
65,34,Male,10,99,3,26.256484221945158,530.1623615849838,0
66,53,Female,65,64,6,41.0506939665343,941.9643557525264,1
67,67,Female,22,63,3,100.90236402916764,2638.5797403976894,1
68,57,Female,50,49,2,34.69219235837708,1148.5739256217364,1
69,21,Male,14,64,8,54.26451465225215,1488.093577113629,0
70,19,Female,64,32,7,106.46589218581401,2061.532897247671,1
71,23,Male,47,7,0,35.49253111434427,4078.144007650861,0
72,59,Male,29,21,6,28.27368356181899,167.92446597301458,0
73,21,Male,36,20,8,68.45379950800108,3281.95621915945,0
74,46,Male,52,26,7,50.24195112785364,3377.4950020993583,0
75,35,Male,7,68,7,76.3408364483854,4013.413323747519,0
76,43,Male,29,86,5,100.38048904834751,4670.4894013955345,1
77,61,Female,11,15,3,33.714848815274316,198.67545985152015,0
78,51,Male,33,85,7,78.0699084554285,853.5401570147593,0
79,27,Female,6,79,2,70.55087603898639,4442.239340874366,0
80,53,Female,32,86,8,34.40787860131996,2346.740954716375,1
81,31,Male,51,92,1,82.39984855289825,2866.4941307739714,1
82,48,Female,58,14,1,47.364041786077166,3348.833298243422,1
83,65,Female,26,27,6,68.78343185440124,3427.4263620286233,1
84,32,Female,46,40,9,28.227232427706188,4665.52797625089,1
85,25,Female,29,58,3,65.95840572136231,4985.052145317181,1
86,31,Male,4,28,9,50.64634680428203,3628.771558561607,1
87,40,Female,13,26,7,102.23812111853543,1507.383925105239,0
88,57,Male,39,63,8,25.697872699736827,4410.786771242284,0
89,38,Female,15,66,6,61.860727491832996,341.18248124973184,1
90,33,Female,29,25,4,65.8431424131438,1232.2961790850313,0
91,62,Male,29,3,7,92.50060762991187,4497.190015572203,0
92,35,Female,32,72,3,77.4287575090211,1355.3384207528393,1
93,64,Female,2,44,1,86.72123371941811,1181.1901921465676,0
94,41,Female,47,97,5,97.7049285651756,776.8139363872115,0
95,43,Male,22,42,8,106.22029736581888,4309.647612469891,1
96,42,Female,27,99,0,51.38754967224705,2550.285470036325,0
97,62,Male,67,6,9,73.8022705363903,3406.9766949653585,1
98,58,Female,56,39,6,104.01080784391999,1271.4252819676453,1
99,46,Male,21,52,9,118.94511309650565,3814.398062954961,0
100,32,Male,47,23,8,108.95193110437631,3824.0271703142826,0
101,62,Female,59,89,9,57.14672626243768,1631.7303220506706,0
102,18,Female,6,50,8,39.516651721865045,2112.3449017503863,1
103,42,Male,19,43,9,68.93925374065887,1127.4823594079842,1
104,24,Male,57,19,2,94.16414518360422,4885.149014282231,1
105,26,Female,69,69,4,69.25690707532976,3263.4526275862167,0
106,41,Male,3,51,7,68.31808633136686,4679.265015506026,0
107,18,Female,1,11,7,103.82304210818006,1586.5891637827526,1
108,61,Female,58,12,3,56.14037790671863,3931.26547368476,0
109,25,Female,38,74,0,105.97946748116456,3852.7073550352357,0
110,41,Female,15,8,0,60.680480095172356,3489.1126941460534,1
111,28,Male,34,24,3,52.82331056783394,4831.630978807322,1
112,68,Female,61,92,5,65.3989911199699,2028.4211469209463,0
113,34,Male,35,41,7,96.24469586748684,740.5148855898108,1
114,25,Female,64,36,5,32.60020278639943,3391.373410295898,0
115,52,Male,25,85,8,39.641921587201736,3673.6180223383103,1
116,52,Female,24,72,8,115.1444825663092,2917.796809948192,1
117,50,Male,12,55,1,37.549162738135735,1113.4076763536418,1
118,22,Male,18,9,9,76.77273179310546,2571.8341141798414,0
119,59,Female,15,47,0,77.93144666619378,1629.729709188734,0
120,56,Female,27,15,1,68.96244620502448,2194.5859880167764,1
121,58,Female,60,48,4,84.47452485768186,3261.5710216388534,1
122,45,Female,46,82,3,42.98267257976184,3751.552239185089,1
123,24,Male,17,42,3,75.26622677767483,1237.9009854165813,0
124,26,Female,53,60,8,57.21732552468971,2086.0942671700714,1
125,25,Male,8,84,7,86.1667259629189,1418.891697858983,1
126,29,Male,27,70,5,34.122354337314945,1073.2949079231587,1
127,51,Female,46,12,0,77.08774168394763,3938.597377979608,1
128,50,Male,50,2,1,38.52703553833237,4555.338202741263,0
129,65,Male,71,7,5,47.86430631150364,1914.137709854426,0
130,40,Male,3,80,1,41.87098003235832,3781.266729431458,1
131,41,Male,64,3,9,38.28377798688171,4495.276917885614,0
132,54,Female,44,3,4,102.5710951560667,4246.008631598134,0
133,52,Female,53,27,4,48.57075676608903,995.7856038422069,0
134,61,Female,24,40,5,112.71237818644494,4785.83021941547,1
135,57,Female,60,33,5,116.99265253451908,1945.714558104366,0
136,39,Male,3,92,5,77.12604699370974,1762.279239751798,0
137,44,Male,20,1,1,34.30011226657264,405.9135036611236,0
138,52,Female,46,8,9,57.45482433795813,2482.250905113927,1
139,18,Female,15,32,2,99.7732263348214,634.1667166405507,1
140,52,Female,25,48,5,56.739072869707044,1317.8451225443873,0
141,54,Male,71,4,7,28.701721830278874,1653.0188466596787,0
142,64,Female,17,94,0,75.6784910928188,4063.248985109252,1
143,31,Female,9,70,0,104.51208514960348,4389.894386939893,1
144,20,Female,38,19,1,99.59263871435024,1582.0849555612015,0
145,18,Male,48,32,5,37.51231401303532,4307.620794098412,0
146,22,Male,60,9,8,87.27646144124667,4300.431593111976,1
147,43,Male,63,12,3,42.05042634356471,3846.78965688588,1
148,31,Male,2,11,2,41.82075345521722,818.8060586743895,0
149,56,Male,11,46,7,107.40717733051852,3482.581949813572,1
150,44,Male,64,16,9,44.96689527402302,4730.617916444787,0
151,26,Male,21,1,8,46.32473465180112,3444.4483459590697,0
152,32,Male,18,63,4,20.065339076129955,1724.9225606283865,0
153,32,Female,64,21,8,107.06690341255177,2552.8386554110734,1
154,43,Female,38,30,1,99.25948132091347,3264.0527124201626,0
155,59,Male,32,13,2,82.7328935090678,2601.7950027696675,0
156,30,Male,11,34,6,95.02657639388423,687.7694144817522,1
157,68,Female,45,4,6,35.20485674244918,1629.1138187949011,1
158,49,Male,33,28,5,65.83235945875754,4031.7405497127993,0
159,56,Male,41,95,5,55.121938734878086,4320.948425868035,0
160,66,Male,8,59,1,29.37765262570165,772.7701603062941,1
161,69,Female,11,27,9,68.6130485214924,4766.695086753751,1
162,49,Female,51,69,5,112.07396503426354,1711.2308274581858,1
163,21,Female,41,25,3,24.005911905069446,3345.3373197805277,0
164,47,Female,17,3,2,49.14609134937939,3783.9432151877377,0
165,54,Female,46,97,1,40.754093620570345,4078.5365497256284,0
166,40,Male,32,68,0,43.81466536656963,4734.173540907058,1
167,56,Female,54,25,4,110.84345518793752,1633.3057853412308,0
168,62,Male,20,20,1,66.80690542342901,4306.681627302617,1
169,32,Male,33,34,1,66.62994129398189,745.2658268374145,0
170,60,Female,40,26,6,96.05756424552823,3554.7004411326043,1
171,46,Female,32,5,7,35.44922040049258,3735.690874618531,0
172,53,Male,2,99,9,68.72653541000508,3420.84388188647,0
173,30,Male,33,61,7,62.99852141210597,1336.3422070622496,1
174,49,Male,30,92,3,79.6910690546656,4377.911420374497,1
175,24,Female,33,93,0,119.95577032504386,927.4064705149356,0
176,68,Female,26,9,6,96.9448894082047,362.8104784520711,1
177,39,Female,22,50,0,59.78657030174272,3615.5784539983697,1
178,45,Female,66,6,3,102.75530522740469,2429.831004640395,0
179,19,Female,38,83,7,37.07083633124802,4260.580297797513,1
180,59,Male,46,60,1,23.046368630896012,1978.6459911854688,0
181,62,Female,15,44,5,40.444837246427305,924.5650836877928,0
182,23,Male,44,11,5,54.041155611425964,4198.566743102361,1
183,45,Male,49,66,8,71.05807574595599,2789.6571950363514,1
184,45,Male,61,47,4,81.51291405411999,1027.059382712739,0
185,61,Female,67,73,9,111.06057172144217,3629.881593073584,0
186,61,Female,6,85,3,70.98540095504578,2604.4568285985524,0
187,37,Female,9,88,4,70.12756446257293,3061.1336129775673,0
188,47,Male,6,98,9,25.024300982298215,2358.4018572122513,0
189,28,Male,32,86,4,23.491155265622382,4160.674020708231,0
190,45,Male,41,3,7,75.11599619163721,4164.857306846944,1
191,42,Male,8,76,9,63.81786132483445,3576.0052269394923,1
192,56,Male,50,92,7,103.91803949802986,616.4667492426652,1
193,50,Male,62,30,1,36.06795847118452,4210.383923329938,0
194,18,Female,62,90,6,22.49716621170496,3387.9636046112582,1
195,44,Female,7,21,7,64.90387679301259,3515.4184134210677,0
196,69,Female,4,28,5,43.74785567522575,1878.615917978971,0
197,30,Female,6,90,4,24.961437333883744,4408.469825169333,1
198,58,Male,58,62,8,92.4598286847629,3654.3208411508017,0
199,20,Male,22,33,2,31.159299995724748,651.6932859930529,0
200,56,Female,26,85,9,80.83195000077717,2098.112368590197,0
201,23,Male,3,35,3,48.10497501668891,4443.2637736046945,0
202,25,Female,41,52,8,37.3496050355022,331.2638383171571,0
203,44,Female,60,34,5,57.97515229193175,4810.941436246043,0
204,26,Female,14,41,7,100.14457762229537,3427.896584765858,1
205,54,Male,12,51,6,59.20935769045727,3193.742290452545,0
206,50,Female,12,47,1,95.07696492110557,1425.7403567911579,0
207,68,Female,13,82,2,32.54862967991507,1319.0797648219677,0
208,59,Female,25,58,0,97.27714196650791,4716.085275494118,0
209,61,Male,45,75,8,43.693332490664865,1561.5350257472014,1
210,41,Male,19,57,6,87.73931298888728,3899.9759539230968,1
211,32,Female,55,23,0,76.57815548409963,2026.2968112146878,0
212,49,Male,45,48,2,112.91447172116874,782.3449468450494,0
213,49,Male,8,22,3,58.732251797531404,152.50495870725885,0
214,41,Male,53,17,3,26.616518883444044,2766.8609513747288,1
215,58,Male,55,69,4,21.91554855512529,4881.31621088977,1
216,69,Male,32,11,2,102.6858560972753,1908.767349665102,1
217,66,Male,51,94,2,72.47356376614322,1850.2424365659197,1
218,66,Male,44,15,0,97.52440518349492,1786.0489274622662,0
219,69,Male,70,91,6,43.44256000115147,2650.6648027938063,1
220,29,Male,18,35,9,54.50837455132337,2259.2579287790386,1
221,56,Male,22,33,0,23.010387221131893,4411.581670962371,0
222,19,Female,37,84,1,116.14923245741122,2577.0518794451023,0
223,20,Female,56,16,3,86.78679067008134,2588.0134071239872,1
224,66,Male,59,34,3,113.32050877593062,778.0208141307273,1
225,54,Female,3,66,4,46.54964074290723,4915.423750460891,1
226,66,Female,28,99,1,81.14636112256608,1324.8671652572655,1
227,34,Male,35,40,3,87.84999682926379,459.48393055205304,0
228,66,Male,61,28,0,51.754970025758844,3349.416619978523,0
229,19,Male,54,47,1,104.81092350156301,3017.295213768676,1
230,19,Female,63,39,0,114.71614629002478,2134.213704564454,1
231,45,Female,7,70,9,108.48551176960044,2168.7419460153224,1
232,40,Male,49,73,9,93.90669759393725,3946.813213127513,1
233,54,Male,31,20,3,47.7464679724954,1058.9919364882803,1
234,49,Male,58,1,3,48.16160421056317,4119.24126282996,0
235,50,Female,61,72,6,116.3360320446038,3278.860858085589,0
236,18,Female,24,87,9,21.028449593569203,2152.9518915196695,0
237,36,Female,20,63,8,91.60499732421445,2344.3402212609562,1
238,19,Female,37,67,8,90.62461625552622,1357.5713152118694,1
239,61,Male,4,4,4,82.26895409497975,3785.3602302151767,0
240,43,Male,20,58,9,119.01088460868658,2613.0862372958118,0
241,49,Male,60,25,0,51.18794357637252,1672.1872594742335,1
242,23,Male,24,47,0,53.997186379324816,3020.645567228656,0
243,49,Female,50,38,5,27.893940294655554,4979.098815051483,1
244,21,Female,49,15,1,64.27981365437375,2232.7851703171136,1
245,28,Male,51,63,7,46.10485262348481,4611.3878638152355,0
246,34,Male,36,21,8,54.338670217764424,1790.582515630374,0
247,55,Female,66,99,3,103.45717902556277,368.19026393243087,0
248,41,Male,34,57,4,113.54845135274957,1100.7863212053016,1
249,22,Female,36,53,7,38.57330720051856,2151.6062023056525,1
250,69,Male,6,46,2,57.25089315534659,1176.2111501133882,0
251,51,Male,39,14,4,112.8630562115394,101.11248726945213,1
252,23,Male,42,76,2,26.180846068922264,4583.507534962883,1
253,39,Male,58,17,9,29.236052811137853,4235.009115031552,1
254,28,Male,12,39,2,36.279098920622936,3737.231934286041,0
255,65,Male,3,9,2,79.52128341268747,922.2915186655403,1
256,33,Male,18,99,6,35.04722710059975,689.7815234289317,0
257,50,Female,40,77,6,116.80763814507335,431.26327241467743,0
258,26,Female,21,79,6,64.67145272585203,3647.743024987314,1
259,23,Female,15,82,9,70.15179603501664,4651.1590073706375,0
260,33,Female,26,97,7,44.66586158054065,2209.625522473881,1
261,46,Female,8,6,4,67.09602524347335,683.7892927806361,0
262,20,Male,42,91,4,86.19136326370115,2610.7248215873224,0
263,37,Male,44,23,3,95.11771369540428,1809.2763465472876,1
264,53,Female,14,59,6,95.3868082709913,1936.6421293149888,0
265,36,Male,2,91,9,77.78911126940883,3144.5200583629658,0
266,43,Female,37,98,3,110.43597749938573,3621.7187549847918,0
267,20,Female,69,46,1,101.74078473061094,641.9576344784881,1
268,36,Male,38,38,3,95.70481146986255,274.3921309517343,1
269,37,Male,41,14,7,25.560552168046062,4972.2184831600025,0
270,49,Male,62,72,8,20.68779622196493,1240.368909686204,0
271,24,Female,60,62,2,41.2447277195473,363.7695720514495,0
272,69,Male,14,35,6,86.35235939134523,1030.389112570008,1
273,58,Female,2,19,8,61.119748888254584,290.8934471074747,1
274,50,Female,70,30,3,60.24062592993117,2019.873383624141,0
275,57,Female,17,78,9,108.45868882296138,4031.768743811489,1
276,56,Male,28,84,2,109.55628481318388,1772.097803812831,1
277,35,Male,66,25,4,110.91752640535857,2276.498693703996,1
278,57,Female,35,40,0,51.387807651502726,3410.37519048045,1
279,18,Male,5,88,2,89.10558127392618,2593.580943342413,0
280,28,Male,65,14,7,47.163318127436966,4321.083861504489,1
281,45,Male,40,26,7,39.06098330744498,4343.574807724207,1
282,42,Female,56,87,3,38.46324573473692,148.56240790665285,0
283,67,Female,36,22,1,54.2107620863594,3912.426901767676,0
284,40,Male,45,48,7,62.99576197798217,2357.594641184202,1
285,48,Female,23,83,7,103.09491710550684,4945.3186523879485,1
286,47,Male,47,51,9,31.98910934727121,2467.837171789632,0
287,59,Male,31,3,3,93.49258473948942,4935.790132402658,0
288,52,Male,11,42,2,73.14549141893053,3797.389869908109,0
289,24,Male,10,19,1,48.794534267599246,1318.163934605201,1
290,33,Female,67,73,8,69.28195845328246,2738.1353985060928,1
291,43,Female,14,28,0,49.99420697770226,4961.464633445055,0
292,65,Female,10,84,6,79.6081955238306,4301.899977984426,1
293,69,Male,1,45,4,63.38439228552442,577.0977795769834,0
294,66,Male,5,71,7,36.44055290788788,3561.2227843689807,1
295,19,Male,20,78,3,31.65830745556967,1793.339970766984,0
296,18,Female,8,63,6,74.66956820721302,134.21308321370577,0
297,65,Male,43,73,4,110.24130332861034,2077.056748232298,1
298,29,Female,1,19,4,54.395768655768556,1250.2966664523594,1
299,22,Female,57,47,8,93.30001072226231,4112.459425550311,1
300,54,Female,64,14,8,85.8661354939767,1752.9199833442508,1
301,49,Female,28,38,8,113.1554914309481,4154.866100373703,1
302,26,Female,37,53,5,102.09810172991409,102.92990029049702,1
303,58,Female,47,61,5,76.6605258905463,1608.3138351279838,0
304,52,Male,37,36,4,85.70304982341074,1281.7095501080335,1
305,36,Male,49,40,8,109.83864665840349,1244.4800692361937,0
306,65,Female,44,81,9,59.95187845869348,434.1144368507672,0
307,33,Female,56,30,7,52.679470585777736,1016.9089250114585,1
308,20,Male,28,9,6,21.081108363519633,2822.1928924395374,0
309,37,Female,6,64,6,102.65510741914642,1527.669256904948,0
310,41,Female,61,33,5,100.0980700403365,2145.2344334128247,1
311,50,Male,20,52,4,30.445451810015136,1946.6477137012237,1
312,41,Female,2,89,3,77.68573811327002,4391.934132499484,1
313,69,Female,37,14,2,66.39816981668874,4535.965095151526,0
314,28,Female,20,75,2,31.870909550911147,2515.489161113714,1
315,66,Male,26,53,5,118.05682270607235,1717.7641565464617,1
316,25,Male,29,99,3,41.469588746335546,623.3234496115819,1
317,53,Male,1,59,5,26.723418009056115,4771.6741089722655,1
318,55,Female,35,78,2,79.48473795019096,395.11203001145753,0
319,57,Female,70,94,3,93.88666771330327,1558.4863600845742,1
320,37,Male,59,41,8,23.244344604718698,1560.5243857330204,0
321,52,Female,69,68,4,85.87176387270222,1669.966302087053,1
322,65,Female,33,68,6,73.22918759514545,905.0055320348055,0
323,42,Female,51,92,9,30.326500887504842,3937.491011526116,0
324,52,Female,12,8,1,37.252387694636205,700.2395236333472,0
325,42,Female,20,2,4,76.79742973160805,3211.0426298504976,1
326,46,Male,53,86,8,49.63576135132884,706.8455308585055,0
327,35,Female,43,41,2,113.8315728651316,445.6246242054871,1
328,63,Male,50,55,8,101.87402294840508,4556.204568060794,1
329,35,Female,29,16,5,118.3567206513663,1031.6309549616578,1
330,19,Male,57,93,3,45.9670838950414,4124.125757342551,1
331,52,Female,39,62,6,116.9723632797977,2768.6912684249655,1
332,33,Male,56,48,7,63.12338697915579,481.4969460829711,0
333,58,Female,43,30,5,54.751879531375465,4781.696138046531,1
334,53,Male,50,12,4,25.034952696935324,1310.1097182602734,0
335,50,Female,23,35,5,25.27652578596026,4312.262192227772,0
336,21,Male,44,11,4,89.20112559466547,927.1690283443645,0
337,50,Female,38,64,7,65.79289944340279,4284.320122495079,0
338,31,Male,23,50,0,42.65216260361057,164.8211832359405,0
339,38,Male,45,85,6,81.39703063252327,2607.7242371904554,0
340,65,Female,52,21,9,45.285811825011116,3870.2686391656284,0
341,37,Female,50,69,9,77.76317543444226,4680.498035714639,1
342,25,Male,8,48,1,55.92087469826903,4555.090467411786,0
343,24,Female,1,20,8,102.3552226611819,4116.161860783461,1
344,20,Male,8,67,0,102.06961607667793,4452.13761334039,0
345,34,Male,29,44,9,67.73503981224013,1076.176460601675,0
346,50,Male,5,33,5,55.08191093350156,1492.503048987471,0
347,65,Female,47,73,8,56.25597965590946,1515.9457721131866,0
348,29,Male,34,61,0,100.57145256682179,1947.5642619083242,1
349,68,Male,65,9,3,52.8179482797612,2027.2712848874246,1
350,39,Female,55,68,3,40.9059373706846,2768.32109080791,1
351,39,Female,43,35,8,28.468834187530682,883.4108404955628,0
352,63,Female,30,81,4,66.66931208844085,3487.1086525513474,0
353,47,Female,17,98,4,68.21320989198418,921.0760425920818,0
354,55,Male,26,88,5,104.09087104029072,1620.5115623122829,1
355,55,Male,8,96,0,42.1238696446064,2566.3911399701547,0
356,62,Male,47,65,0,58.099127366839994,4002.5587514650388,1
357,68,Male,46,8,8,100.8405738893691,3723.3992428697634,1
358,25,Female,68,45,2,102.36236107489735,3263.1183464115593,0
359,44,Male,33,87,3,58.46110759787682,863.2889768428338,0
360,44,Male,1,47,0,65.9124023286681,2780.522193516331,1
361,51,Female,19,40,8,50.328589084928296,528.4878588194387,1
362,38,Male,31,76,7,113.2554878419312,1949.0795663035888,1
363,47,Male,14,54,1,31.86437657415803,2126.2309984207996,0
364,50,Male,53,76,7,113.374942300147,295.0760532841938,0
365,45,Male,48,46,6,88.38664518353433,1442.541687402862,0
366,64,Male,69,47,5,73.15721526867313,4782.682389605798,0
367,50,Male,62,15,0,23.26590607844959,4772.799778365478,0
368,22,Female,66,19,6,67.55961918220083,1826.4025658374426,0
369,65,Female,64,26,9,60.774810500273226,311.19053384678784,1
370,36,Male,70,52,6,36.12188119751225,977.5652027080896,1
371,21,Male,63,93,8,85.6409603500657,2021.8671878243467,1
372,52,Female,33,22,0,117.11509073682858,4744.120520049226,0
373,66,Male,41,21,1,76.21888110645251,791.8754113322061,1
374,34,Male,48,51,8,91.47532764439458,3841.22763397424,0
375,61,Male,13,38,8,26.84504525660168,632.5444429359911,0
376,45,Female,31,20,5,61.76669958169947,4908.162129217257,1
377,47,Male,68,29,5,31.635848516449588,1969.9208456347615,0
378,46,Female,4,51,3,81.27958355365104,3898.6492406053744,1
379,63,Male,19,4,3,113.84821582141547,1778.6963057745459,1
380,23,Female,70,55,4,86.17777324716386,3175.5774980781625,0
381,52,Female,13,71,2,27.680304831442154,1040.87881522618,1
382,58,Male,23,92,0,55.466620498508284,815.5029945551164,1
383,54,Female,1,28,0,75.06633794408515,4696.514283883843,1
384,41,Male,54,4,6,60.320775613325225,4596.4716617317235,1
385,46,Female,71,22,0,103.36440104751723,4448.597807043124,0
386,66,Male,15,76,0,101.46710047099891,3164.623905816308,1
387,63,Male,65,45,2,81.18310201032214,4060.514234959763,1
388,48,Female,71,67,9,57.345794513270526,438.28099086573707,1
389,52,Male,15,86,3,45.533637376324414,1740.4663052643277,0
390,50,Male,21,66,3,30.587431821312933,1637.1453113100656,1
391,69,Female,19,88,1,55.4897683486554,3214.6620775678048,0
392,38,Male,60,34,0,61.31725172077195,1844.1930900061384,1
393,49,Male,33,91,2,87.58229251040736,827.6832300540359,1
394,40,Female,49,55,3,85.81598242975734,3022.6886695263643,1
395,50,Female,35,1,2,27.010813964125695,4090.4812112784994,0
396,20,Male,44,72,7,59.525931543115775,1972.4051228538685,0
397,35,Male,11,87,9,38.17788672173619,748.1167039825604,0
398,42,Female,66,38,0,35.68127053168057,1063.7721668328331,0
399,59,Female,46,6,1,102.73021497372459,1263.6681953299815,0
400,48,Male,9,86,6,24.191521671625754,1569.4982056732274,0
401,20,Female,3,25,3,61.91828759021213,3249.6958454809146,1
402,57,Male,26,82,7,36.820365576651824,3044.6328742348232,0
403,63,Male,48,17,2,107.9330215678474,3510.791321678492,1
404,41,Male,66,61,5,75.70405132750352,1876.2597242044146,0
405,67,Male,70,12,8,43.1380636376848,4137.588494211894,0
406,49,Male,28,6,0,70.24272871663764,1100.0295396632255,0
407,64,Female,26,90,0,93.14863597031159,2398.299662838954,1
408,39,Female,25,27,7,115.81180089194338,4024.5997355530085,0
409,40,Female,12,8,2,42.0446004245419,982.7773738898343,0
410,19,Female,5,83,4,108.61817721293451,638.3292573298364,1
411,44,Male,48,65,0,113.43041141674902,4430.051441671149,1
412,59,Male,37,57,4,111.64205445320663,1780.35534752006,1
413,19,Male,44,93,5,83.541435686191,3450.963612054257,1
414,43,Male,15,99,7,82.98206544347076,224.20816089329855,0
415,34,Female,43,40,2,60.32106331838228,3481.229753206303,1
416,57,Male,48,14,2,95.23978823037879,1648.8964265801555,0
417,50,Male,70,35,9,73.12940183509319,373.13018257846454,0
418,26,Female,46,48,8,87.74380712282945,3088.0825315857733,1
419,60,Female,43,84,3,62.84579038487954,1279.938698758549,0
420,65,Female,21,56,3,93.14964640431391,1995.355486054212,1
421,56,Female,23,49,6,102.4471517604549,494.8459802039166,0
422,46,Male,47,13,1,34.643625660281614,821.0999303652321,1
423,59,Male,15,61,7,103.2929715574228,1560.0884539296344,1
424,43,Female,25,49,5,74.02965317903073,539.82155274477,1
425,52,Male,36,46,2,104.46659090902243,4563.048696962945,1
426,67,Male,51,62,8,63.13017063410146,129.63051160149425,1
427,42,Male,15,8,4,57.904048538303506,2470.9150724351257,1
428,41,Female,68,43,7,111.50607325172224,703.9125448495021,0
429,30,Male,21,20,6,45.11692675484013,1607.6275384419478,0
430,24,Female,13,97,7,104.42123252861431,4637.691843109501,0
431,53,Male,19,90,6,68.4020572509404,892.3033110425356,1
432,62,Male,34,39,2,71.40954425512598,4832.5783666198295,0
433,37,Male,68,85,1,50.846828148948404,1108.3924472481663,1
434,18,Female,52,49,6,77.30422006190156,3733.673931487465,0
435,25,Male,27,64,2,52.52111962762113,2778.7185979968276,0
436,63,Female,29,62,2,23.926941424165232,4433.94576522412,1
437,33,Female,28,54,1,47.1998605344356,2814.5669519653416,0
438,31,Female,35,9,3,20.63790434065907,2719.340173865912,0
439,29,Male,8,88,7,117.83547870568566,1057.7442018051595,0
440,68,Male,16,37,0,116.57472098197475,914.5238740531278,1
441,40,Male,36,49,0,59.5155297472305,4590.79684046602,0
442,32,Male,30,41,4,92.8370854339646,1706.4071743651668,1
443,45,Female,18,17,4,54.580609841042495,1923.20304931819,0
444,51,Female,2,88,0,87.1093157085976,3823.135926299103,0
445,19,Female,49,21,5,100.54300430459791,1760.235063871756,0
446,49,Male,4,51,0,114.67562446922408,4765.105988531113,0
447,40,Female,7,59,4,60.0212275849672,3715.8460680941216,1
448,39,Male,39,39,8,98.32979829560477,3027.403288609758,0
449,68,Female,13,55,4,46.59284506321188,4416.386286669287,1
450,42,Male,31,41,5,119.03323037936484,343.0689509124655,1
451,39,Male,71,39,7,22.576959876435115,1359.6071917271229,0
452,39,Female,63,13,0,80.3528806501121,2378.6780376824586,0
453,66,Female,56,64,1,85.95059816513272,1212.194843410453,1
454,69,Female,42,11,8,88.80455570741289,3745.1354177805447,1
455,59,Female,61,19,2,32.0387578789089,4604.119352163253,0
456,23,Male,42,11,5,113.85297834731304,2176.4735876615246,0
457,32,Female,56,77,4,38.11832790500828,1776.4497405482853,0
458,60,Female,36,46,1,82.27534032398411,4811.5985874740745,0
459,54,Female,68,45,6,42.26760791230849,2279.7769208549503,0
460,50,Male,7,1,3,50.72164170212709,2496.337162201488,1
461,25,Male,54,40,0,74.64585417281243,1823.0843744753363,0
462,61,Female,1,19,3,61.719341856457646,4556.787517759478,0
463,61,Male,44,76,5,36.022560097650626,2887.8818680810687,1
464,22,Female,45,72,6,37.09364024208483,3834.6554771900587,0
465,56,Male,47,72,6,61.814478816279966,4077.852919919343,0
466,21,Male,13,61,6,95.72829782755008,1775.0603053945651,1
467,23,Male,22,12,2,109.79646468477885,2225.102223469862,0
468,62,Male,21,61,5,28.412766225938284,4257.511694590697,1
469,49,Female,9,33,7,59.310390755940105,1879.9512232114703,0
470,69,Female,26,45,3,30.024556372287662,3990.2821539140714,0
471,47,Female,9,90,7,21.65924806325979,4710.862380614742,0
472,64,Male,15,92,1,86.17186826439566,3153.730828033234,1
473,52,Female,10,69,9,80.24494419665878,3733.9737085142556,1
474,57,Female,42,8,8,36.30191138148862,4044.976829001561,1
475,69,Female,24,25,8,43.38128330930641,4240.694279593548,1
476,33,Male,49,91,7,22.370775364451838,2035.7613554983002,0
477,30,Male,26,46,9,103.49472056944037,351.1909499623911,1
478,67,Male,37,87,9,117.46905960485515,2069.1937290600235,1
479,59,Female,68,30,0,33.54595367946908,3401.4055259420397,1
480,47,Female,50,47,1,43.14752137652981,2306.716890325885,0
481,36,Female,24,87,5,106.8409523946934,3769.919439215953,0
482,34,Male,19,49,9,112.64637979561849,1849.213904396453,1
483,36,Male,60,47,4,61.96273828068103,3210.2462914097446,1
484,45,Female,39,84,8,25.062247226907413,1013.4570437844754,0
485,43,Male,18,82,4,23.939183369281942,3771.910239560289,1
486,54,Male,19,18,1,77.39498660690104,2773.9102471838264,1
487,43,Male,36,66,9,59.2895108893179,1099.9155038783429,1
488,40,Male,55,68,3,22.86524275776545,1530.3647501392556,1
489,26,Female,69,94,8,78.32523923125568,3768.1826720509785,0
490,29,Male,47,33,0,21.130253658902248,2464.746054741451,0
491,18,Male,49,36,0,98.73719581492729,1158.5540579260537,0
492,18,Male,33,82,6,50.64328227033715,4839.628832814458,1
493,64,Male,21,19,2,24.02580030092321,3604.112597102751,1
494,51,Female,22,28,9,78.83522209831534,4789.960679445001,0
495,49,Female,48,40,1,59.76844144330547,2192.8147222656817,0
496,65,Male,37,84,8,117.38004133571495,2427.99166938943,0
497,42,Male,15,97,2,74.41986625037022,4499.980559306594,1
498,57,Male,35,76,1,47.52391810370083,2672.741767202385,0
499,62,Male,71,15,7,90.94388646339748,3565.666668337769,1
500,18,Male,32,41,9,47.149200254271136,1335.647099728097,1
501,33,Male,11,39,5,110.42432914075651,2288.9596966429385,0
502,56,Female,10,2,5,57.47219705073764,704.9043424707401,0
503,22,Male,57,63,9,74.98685627762052,1109.3021757971123,1
504,39,Female,25,29,6,25.057310382422884,104.62273481139232,0
505,46,Female,2,74,6,62.61212379522308,292.3987530784351,0
506,20,Male,64,66,5,103.2363539660995,4888.690733566954,1
507,29,Female,35,51,3,100.56488053633419,1287.5331061701354,1
508,43,Female,7,75,8,42.431855885352626,3350.2224765696096,1
509,33,Female,18,77,5,42.60790710105627,4211.588524118097,1
510,68,Female,67,10,3,101.73053122132367,2798.236250259165,1
511,54,Female,42,14,2,113.03984201693255,850.4080504113854,0
512,39,Female,39,82,3,29.536092127300357,3667.7705429472153,1
513,46,Male,41,51,2,65.00586394262253,3041.2319094879567,1
514,31,Female,24,73,1,53.745427896422896,3683.127887802138,1
515,45,Female,60,39,4,107.06884554574394,3871.758451999727,0
516,22,Female,46,28,1,28.352491468001876,4879.510801655251,1
517,64,Male,19,3,5,41.11259425580374,2910.460072130879,1
518,66,Female,68,84,2,95.24683375864943,1774.0414521839489,1
519,47,Male,42,70,5,25.129384898121558,3277.4763288111617,0
520,63,Female,32,27,9,69.25353807142892,435.35947528886805,1
521,69,Male,39,2,8,64.210703467972,4497.246859775773,1
522,22,Male,36,93,0,53.44011789887487,684.9669555571643,1
523,29,Female,36,38,5,59.457231531892376,1706.4299056405093,0
524,33,Female,3,3,8,72.99405869302329,4097.152365067992,0
525,43,Male,8,16,3,36.13673583883831,3026.830653820488,0
526,43,Female,70,94,1,77.19958782835928,2028.8140493594663,0
527,65,Male,41,40,3,100.54323292999864,2419.834730937605,1
528,38,Male,68,2,0,96.01609297901591,4287.282226690683,1
529,56,Male,13,81,2,35.389990469377366,1766.0214916934715,0
530,53,Male,49,41,9,34.92494697414739,4361.28345557964,0
531,50,Male,60,12,8,46.817436774491334,531.8587117857883,1
532,47,Female,2,35,9,56.10747263410372,3906.3123423222905,1
533,54,Male,60,65,4,60.84555814084826,4252.983401968208,0
534,40,Male,5,55,5,87.96972168333453,990.9064989029599,0
535,27,Female,44,45,2,25.66804321658354,2208.6980086237822,0
536,22,Male,27,79,4,23.46727042260664,910.9488958519125,0
537,53,Female,32,90,7,59.191056294390904,3562.360232071667,1
538,51,Female,21,85,5,89.71636921379805,2723.204063502118,0
539,69,Female,8,62,3,39.343534295648254,3213.084398870773,0
540,48,Male,50,49,1,84.15044812562518,1062.7861380854347,1
541,27,Male,67,95,8,45.98281379402995,1137.5547240568555,1
542,36,Male,44,25,0,108.60861088135164,303.3368949985412,1
543,49,Female,58,23,0,109.56899442666165,1678.1309224590757,1
544,18,Male,3,24,3,49.72872042813265,2842.7488405350073,1
545,22,Female,70,38,6,42.999375396324055,4303.881078586911,0
546,62,Male,2,28,0,61.13039720662313,3367.9444925475354,0
547,21,Female,44,21,8,44.05315851801487,2233.441984658782,0
548,33,Male,2,54,3,87.23838432917036,4770.288560531275,1
549,41,Male,35,18,2,102.60646845482856,3624.301482821576,0
550,33,Male,30,36,0,87.3092130911217,4657.809494026495,1
551,19,Female,8,99,9,102.43504472493495,2685.181069033612,0
552,66,Female,22,45,3,59.69921622074742,1368.6309464863841,0
553,45,Male,44,73,8,35.631697070886084,358.8507631871377,1
554,49,Male,58,53,9,93.79509473975922,3657.8157722708675,1
555,44,Female,36,30,5,56.047450514155386,694.3846902271172,0
556,37,Female,69,60,5,87.12708252291326,1583.598128532639,0
557,41,Female,31,98,0,47.064394198176565,2709.107448631097,0
558,29,Male,47,32,9,28.122963480667266,2865.6412801207634,0
559,67,Female,55,67,1,119.25817954877634,3042.8576652369666,0
560,52,Male,62,67,5,35.62015079305993,914.6511187135332,1
561,50,Female,30,28,1,118.8420993963481,1960.713283626079,1
562,50,Male,55,44,2,117.72799325664472,3124.251712873137,1
563,68,Female,16,79,3,99.38181039080396,4852.112436705545,1
564,60,Female,12,41,4,85.94229620819976,3665.3925747284748,0
565,54,Female,17,63,8,77.78070502510846,4620.758409760393,0
566,29,Female,16,23,3,106.61015453778347,3834.8390857394675,1
567,20,Female,12,75,8,48.94395216194879,2999.413147572762,0
568,18,Male,8,48,9,66.7681212484877,1040.9145087680881,1
569,50,Female,3,32,2,81.9389969366502,3366.759694273314,0
570,57,Female,16,57,7,61.11904758694911,3154.5598732035446,0
571,27,Female,30,33,0,62.7486454090268,3052.0989352406054,0
572,60,Male,23,24,8,53.02846675020844,2499.9507531423797,1
573,61,Female,5,39,8,76.4231816684536,2690.4173595474504,1
574,46,Male,65,34,9,105.0574528015116,1738.7683828787099,1
575,30,Female,30,56,1,40.15283780063129,2644.6321939472855,1
576,29,Female,21,28,3,113.44330387534414,1068.0239378245433,0
577,48,Male,70,37,7,88.90876537482296,4045.354547065846,0
578,63,Female,22,7,6,102.32732126800302,1010.3070780236683,0
579,19,Male,32,68,0,75.61906926300117,516.3348204583854,0
580,68,Male,33,37,4,97.95167014240634,2237.605529150071,1
581,67,Female,16,56,6,21.620039733946722,3325.706453579703,0
582,52,Male,38,65,3,101.83804247795352,2244.812442174353,0
583,40,Female,14,65,0,24.01388590853665,1456.095246561412,0
584,34,Female,36,47,8,108.99133763628625,2835.0388010631596,1
585,43,Male,23,20,4,119.19627472386433,1800.3114435197797,1
586,25,Male,66,19,1,49.40674621767778,4671.051681620502,1
587,46,Male,2,29,7,41.031855628579365,4620.9611840575035,0
588,43,Male,65,74,1,96.53633638580408,2561.6219178632678,1
589,27,Female,67,60,2,45.30263409202532,1706.6315706894668,0
590,43,Female,52,18,9,106.55623831722035,3711.9488283875316,0
591,51,Male,62,92,0,30.28425921574767,279.89342306702656,0
592,68,Female,23,35,1,32.59551963793582,2426.368129613891,1
593,58,Female,26,43,6,117.91515551006155,1747.9846319246344,1
594,24,Female,68,95,9,87.38388982700046,4610.625837002518,0
595,21,Female,55,91,1,104.68872244289528,158.81483363614444,0
596,67,Male,6,11,5,52.4329377351518,2808.7928910199107,1
597,62,Male,35,49,2,87.64837495206044,3729.251547226467,1
598,28,Female,22,38,3,79.42418273085971,2476.588138867802,1
599,46,Male,43,64,7,80.3150120122947,518.4748477973361,0
600,53,Male,15,69,2,88.25324595377215,4865.060811136721,0
601,42,Male,60,8,9,77.53591731290986,2638.2511137428796,0
602,38,Female,12,34,5,62.906236930266594,3109.5125971631555,1
603,53,Female,49,48,0,47.592269438054686,1259.387935266786,1
604,27,Female,42,56,6,96.8581330913202,2469.1406170233386,1
605,54,Male,38,76,7,42.62724300031862,2202.832510595777,0
606,26,Female,45,65,7,89.23543061544142,466.98962580972034,0
607,41,Female,35,31,2,43.33328226493266,620.1857323825894,1
608,52,Male,30,4,9,82.5330169954454,4203.6153461319955,0
609,66,Female,30,50,0,94.70782671290289,1275.1177658122922,1
610,52,Female,6,69,8,41.87138889065392,1055.2955303432896,0
611,65,Male,67,30,5,25.99433008613083,2574.0661111256823,1
612,53,Male,7,88,8,33.09737429941741,3866.8609436763136,0
613,35,Male,52,59,6,80.59969672710255,403.5379410370408,0
614,66,Female,14,67,0,104.94464062257356,2926.3588062274534,1
615,56,Female,15,75,0,24.499682123542435,684.1311699188095,1
616,49,Female,21,45,5,93.41512590416463,278.65914904553046,1
617,41,Male,35,4,4,54.13186459500521,358.4453655948652,1
618,40,Male,66,26,8,67.85283699195224,4187.404130221363,1
619,49,Female,2,27,1,112.88595498455656,678.0651697775016,0
620,54,Female,35,46,7,53.19715047358455,321.24168562023056,1
621,29,Male,20,64,4,66.5336933939486,2245.7094470002703,1
622,66,Male,10,91,1,21.36824147606811,4235.5680125159215,1
623,30,Male,25,51,9,28.159872000483837,1385.8010447975794,0
624,40,Male,66,50,5,45.8591591134784,2166.3918258769904,1
625,42,Female,25,6,9,22.78522408210744,295.620409562381,1
626,52,Male,54,59,7,83.1375326048251,2300.484719260892,1
627,58,Female,33,15,3,62.63983568016225,2930.304095121955,0
628,47,Female,36,30,1,74.81452027280221,2897.4445633855094,0
629,34,Female,14,42,4,37.46471858963295,1728.8907916543892,1
630,66,Male,65,37,1,49.59320294366161,1646.112585249364,0
631,37,Male,54,42,1,86.38244748527251,622.4557327893297,1
632,65,Male,52,35,5,116.53027236303998,1897.311771166715,0
633,42,Male,3,87,9,25.04167736022092,587.5238774775269,1
634,39,Female,41,6,8,109.03843208552661,3856.320129089053,0
635,30,Male,6,68,3,77.68812013112085,4834.744058966111,1
636,36,Male,25,18,5,76.39195667556237,4853.364837666863,1
637,66,Female,13,73,6,70.02785352077603,4338.8483869394295,0
638,53,Male,8,29,5,26.93940859041834,3043.881531764134,1
639,29,Female,21,77,7,28.987685173616065,3534.2419164950115,1
640,58,Female,68,59,3,80.09120056590861,1497.508433134029,1
641,36,Female,25,47,0,54.09585714355583,3190.775058845841,1
642,29,Female,68,17,6,111.72680665776807,2332.6827922553994,0
643,26,Female,45,96,2,60.659053735947225,2461.8849649069693,1
644,24,Female,60,22,5,34.32814587026411,3813.105145838274,0
645,45,Female,12,68,1,91.4718833502036,1481.399942426533,0
646,31,Female,32,69,8,49.335342144100984,1658.3940973031474,0
647,48,Male,13,37,0,72.54703073558932,4630.7447765303195,0
648,69,Male,31,49,5,89.783278550517,375.499044769764,1
649,36,Male,20,13,5,110.02641112020704,2479.608062225368,1
650,64,Male,18,34,4,99.2191194801676,4572.723921998522,0
651,33,Female,60,86,4,87.63610678727241,3090.7787383089694,1
652,22,Male,63,53,0,87.96331823951436,2777.394663639447,0
653,52,Female,6,87,9,114.59246440320865,1323.7464782238405,1
654,29,Male,32,51,4,49.58240974965361,1782.0498964157964,1
655,42,Male,43,3,1,20.111209419618742,4275.037237442995,1
656,69,Male,2,42,6,47.195455939819865,2840.1688456654447,0
657,38,Female,60,98,2,41.7891379626744,2622.2367494082214,0
658,53,Male,23,32,3,86.18345851139982,587.9405963461418,1
659,40,Female,31,51,2,83.3711599765529,178.5379666301033,0
660,33,Female,5,85,2,79.34613827047238,4822.05742456654,0
661,56,Male,34,46,3,21.62434432094537,1947.2322197055241,1
662,62,Male,10,21,4,92.87780544506475,3055.744004287571,0
663,59,Male,2,44,0,52.353041248549154,490.60385861769646,1
664,56,Female,11,11,3,86.50559890066312,3447.260000042928,1
665,31,Male,50,68,7,75.65784285021533,4669.576872659209,1
666,48,Female,31,1,9,54.27309254279072,2920.759739687356,0
667,22,Female,56,92,6,33.45762671041078,717.9650796395118,1
668,52,Male,9,63,8,29.441889766048096,2950.435484620036,1
669,40,Male,21,24,4,103.15183331122236,3855.1013442127964,0
670,46,Female,28,99,9,111.8397542081558,2091.4410292126913,0
671,60,Female,62,13,3,84.97880467642996,4411.204964913192,0
672,28,Female,7,98,7,30.34341148604834,3278.546471451086,0
673,35,Male,16,11,8,60.20272168882407,4506.319699617092,1
674,64,Female,4,51,6,92.89392001051573,3155.176025111952,0
675,29,Male,4,17,6,97.9820884010068,743.3110628236387,0
676,26,Female,40,99,4,31.82186222910886,1617.4893844154267,0
677,27,Female,17,82,3,20.00307188453824,1088.795246437039,0
678,61,Male,52,86,9,91.2137045880605,4553.249838812625,1
679,34,Female,52,24,0,55.659617598620564,3825.960329708665,0
680,55,Male,36,19,9,45.44813316182602,3414.35200765903,1
681,24,Male,38,37,9,21.289746978952543,1574.7349661949463,0
682,63,Female,50,85,6,74.02994067614998,1001.8193830460463,1
683,30,Male,63,8,0,105.11507354259817,3806.6103311456677,1
684,57,Male,63,28,0,115.76316462725879,2423.3739348074905,0
685,59,Female,62,5,4,76.57449506132892,1206.3688055380828,1
686,26,Male,7,17,8,71.44613277398942,3121.447693009848,0
687,67,Male,27,36,5,28.50563854892411,297.6358754784147,1
688,44,Male,14,19,2,74.88728015425997,1698.2342452284422,1
689,19,Female,71,64,2,57.99790789653946,2395.9292734965597,1
690,22,Male,5,91,6,80.71352808835769,824.9958371360887,0
691,46,Female,55,98,5,58.87263478765467,4924.806940195114,1
692,54,Female,2,11,8,44.02991234503668,1124.57708648911,0
693,55,Male,62,54,5,29.49652752283765,738.7303372120011,1
694,36,Male,21,45,4,51.491844458889574,1097.3208820457924,1
695,25,Male,21,47,9,29.664483428775227,3868.3995524826487,1
696,65,Female,10,12,6,37.689695082398394,2184.9777304320296,1
697,62,Male,58,21,0,118.73361585795459,2870.538104787436,1
698,18,Male,39,11,6,64.41035569066186,202.94486923316765,1
699,39,Male,5,92,2,73.18717665050166,268.7134120092413,0
700,69,Male,65,5,8,107.36185287372153,2284.5451941523793,0
701,34,Male,13,81,5,119.55689004906878,4101.610691687955,0
702,24,Female,53,56,8,78.27144493446815,4437.67050566707,1
703,42,Female,45,20,4,101.24738210441717,524.862181218637,0
704,62,Male,32,41,6,52.694102433667524,2737.9792002950117,1
705,21,Male,36,46,3,50.57439574472911,4574.8254627684255,0
706,53,Male,60,12,6,60.27037209945602,2001.0664965496433,0
707,23,Male,11,70,0,87.25072626736491,4164.872573999006,1
708,48,Female,63,17,6,88.21916892550988,755.1087065572374,1
709,36,Male,21,19,7,51.52394346494508,4683.432999372214,0
710,61,Female,52,26,4,33.320992413662864,3781.974255903383,0
711,56,Female,55,48,1,83.23962564655085,4712.538524655818,0
712,44,Male,26,52,4,32.83258621887645,3415.4244444072815,0
713,27,Female,68,96,5,77.84925082293302,1880.6792667971922,1
714,43,Female,34,70,1,89.3422128056309,4697.08774537114,0
715,36,Female,52,55,5,90.06114963944516,1450.2772039149745,1
716,56,Female,52,75,5,95.34721106595967,1727.6453581024894,1
717,20,Male,29,33,0,107.28594215656645,3533.9612482085276,0
718,62,Male,38,62,0,69.99589919647885,3850.0498676743928,1
719,30,Female,42,88,9,93.02491895295712,4654.077070860853,0
720,67,Male,21,23,2,81.91727353658368,1103.5318043754264,1
721,45,Male,42,15,9,38.66399397976826,4010.190372574197,1
722,37,Male,13,27,9,22.568964486940818,3718.875661645121,0
723,45,Male,64,75,2,48.45413856769338,412.59332564262957,1
724,25,Male,17,64,3,64.30337063376194,1997.393391930014,1
725,58,Female,9,81,1,81.71059444286563,1485.550739594483,0
726,56,Male,41,51,8,104.99593305032053,1592.003079334749,1
727,18,Male,1,53,9,39.62457167061656,4916.439709818034,1
728,20,Male,2,78,6,32.55497898984771,3249.609326051647,0
729,30,Male,60,91,6,116.34799474743275,3616.613173188148,0
730,45,Female,48,82,5,30.80445593764071,4885.426422843545,1
731,66,Female,29,92,2,67.84910701071891,1948.2887340424295,1
732,42,Female,10,51,5,78.55637287933018,4029.0168254187492,1
733,50,Female,58,47,7,74.13744209074383,2229.201720192027,0
734,55,Male,60,4,7,28.60321570329432,4360.714991893401,1
735,23,Female,21,7,8,25.702691400361935,985.2219524253856,1
736,61,Male,28,35,0,30.548342746103568,4743.66226761497,1
737,62,Male,34,48,0,78.55876838726125,1171.9813712133105,1
738,49,Male,8,73,2,74.43448876343211,1698.4804842065644,1
739,62,Male,59,72,2,43.37407920367443,3805.3419471232246,1
740,64,Male,49,45,9,83.77741418455915,2029.4001936704929,0
741,38,Female,17,81,7,102.00675020556494,3080.2357461555885,0
742,33,Female,60,81,9,24.157895984659376,2278.4101552402,1
743,38,Female,45,97,0,69.81299435480423,3737.612691739931,1
744,28,Female,69,96,1,88.93104121026903,1218.8231366061932,0
745,54,Male,32,72,1,45.23119270696871,386.44413746069733,0
746,53,Female,44,19,2,50.77709052931491,1569.6540476180246,0
747,52,Male,65,63,5,81.36379029893838,2424.112457855308,1
748,36,Female,8,38,0,109.7935293443737,923.298255744125,1
749,37,Male,43,67,1,100.99244203028994,1838.5067193163045,1
750,35,Male,1,59,0,78.31302190995835,2059.916789638486,1
751,64,Female,51,69,4,93.02217177572491,381.2200340725404,0
752,58,Male,24,13,6,56.482247020779866,2958.2055161026024,0
753,66,Male,24,47,7,84.09655280987577,4433.282797059309,0
754,31,Female,17,61,9,66.6181591127557,843.5402734699569,0
755,32,Male,5,31,0,38.99361364575609,3029.2592656674187,1
756,48,Female,20,80,6,90.17382738772572,3357.2221040631466,1
757,18,Female,21,96,4,75.6464637348822,2154.739934054513,0
758,20,Female,58,22,9,55.86215819535914,3535.3781780849226,0
759,33,Male,31,93,0,111.13391900786307,2112.584563105959,0
760,40,Male,11,86,2,22.09341178267333,2572.722711089431,0
761,28,Male,52,43,6,51.5773151249496,136.0299183166922,0
762,29,Female,15,67,9,25.688139777764654,3489.4285592599754,1
763,27,Male,7,54,0,96.65273162216272,3340.5791268291496,1
764,49,Female,28,10,6,90.21074541137926,288.16429889908835,0
765,33,Female,51,42,4,53.13522187363171,1904.425526236152,0
766,25,Male,58,64,0,87.5662902207073,4897.25601987917,0
767,55,Female,5,21,0,59.593722619594985,2161.6091565862225,1
768,29,Male,5,80,0,95.62537914224343,2559.5324851460246,1
769,41,Male,8,76,8,65.41836627367061,4558.657774982621,1
770,45,Male,64,66,2,61.22797278316656,3614.5831917422065,0
771,25,Male,10,41,4,113.4729915488301,2952.1436425086954,1
772,45,Male,38,24,9,45.08790998907003,4009.2429385712553,0
773,53,Female,8,35,8,32.04473399965654,4335.394705634269,1
774,43,Female,25,56,5,78.45431132594581,2338.7515515126074,1
775,25,Female,66,30,8,116.93218122841789,2428.030988165993,1
776,67,Male,50,57,7,57.783921372718666,1991.6495846939954,0
777,45,Male,67,94,7,26.203676362878152,4836.860086090457,0
778,45,Male,49,47,0,53.93052673095674,3516.114646022717,1
779,54,Female,36,35,8,70.59316543195584,507.79302441955423,0
780,58,Male,68,19,5,36.192300663221374,4328.502154233791,0
781,53,Female,41,8,8,85.8102218056492,2454.7437100977136,0
782,44,Female,62,26,2,119.77493890102006,436.8941414701886,0
783,34,Male,10,71,2,65.17394759814438,2793.614550300224,0
784,26,Male,21,30,5,55.472855673021265,2144.10496698094,0
785,50,Female,36,7,8,60.070416683446666,4400.972083826862,0
786,37,Male,12,67,6,31.514617839520113,1099.5735576859981,1
787,30,Female,2,65,2,108.32736014262238,4149.676586511696,0
788,45,Male,13,36,2,61.4825655521352,2832.6745868087182,0
789,65,Male,53,25,1,58.72744114248413,367.5904857459983,1
790,46,Female,32,37,8,85.96902729304743,4862.041976494875,1
791,30,Male,16,1,2,64.20334209311235,2611.8146961056796,1
792,63,Female,32,15,4,84.8233468807846,1525.2965857347542,1
793,52,Male,32,37,8,26.14462901307875,2400.0935257473648,0
794,23,Female,11,13,7,101.37233437222274,4303.503139235696,1
795,35,Female,10,8,1,114.05039528794026,1594.0253094868112,1
796,68,Male,15,5,2,84.8765386159386,1044.1143427848315,0
797,22,Female,17,60,1,115.45659288588108,732.4491099613191,0
798,64,Male,40,73,7,35.14323143699633,1559.511052112035,0
799,42,Male,18,1,5,67.74161894803537,3922.235626496213,1
800,19,Male,55,36,5,80.18067339454473,2410.9691894567823,0
801,27,Female,25,35,8,78.17366474211866,1214.659858098346,1
802,47,Female,59,66,7,60.14617790890432,914.306498087771,0
803,67,Male,22,63,3,53.80844093662614,1730.3744349008575,0
804,62,Male,30,23,3,32.68240225504188,4705.629427139973,1
805,22,Female,44,9,8,59.17424505622782,1780.8308916911194,0
806,50,Male,32,34,0,36.26608151054852,4941.807972177713,0
807,18,Male,51,46,1,93.43656764922184,2477.6292332502453,0
808,35,Female,46,78,1,40.883093549459,977.9031996217393,0
809,49,Male,21,4,5,25.856530528453384,4466.586449788196,0
810,64,Female,32,30,3,75.23661378172343,2355.7413283606516,1
811,66,Male,39,95,9,79.52297327194016,3577.3895831721698,1
812,28,Female,12,75,2,107.19130612805056,4920.186757724844,0
813,38,Male,47,99,2,77.69816124176819,345.85921656787264,1
814,43,Male,18,72,2,54.54808537234457,573.8033429590789,1
815,42,Female,21,3,5,100.30118815263205,3630.2380331675054,1
816,39,Male,13,14,7,74.0278893187421,1480.9425161478127,0
817,44,Female,21,60,6,27.928028463119176,1003.0768450554854,0
818,66,Male,8,77,3,76.58505603132467,292.8732111166745,0
819,30,Female,46,45,3,110.80185454216624,207.04888873238883,1
820,50,Female,7,96,9,59.631262549822054,3894.9794552869753,1
821,51,Female,23,34,1,49.632580189980004,758.723794110795,0
822,58,Female,22,45,0,34.34694570180201,2391.8310182586392,0
823,52,Male,22,61,8,35.14455219353573,3068.8943943794666,1
824,18,Male,29,83,1,63.27714843418189,2198.9238227873466,1
825,38,Female,13,16,7,79.56798241615294,232.82259644754222,0
826,65,Female,2,66,8,28.061540516960175,3939.1573626807535,1
827,23,Female,29,40,3,113.95685890251657,151.51480025410208,1
828,45,Male,52,17,7,95.51336174451959,3833.2604824496716,1
829,34,Male,27,34,8,78.66239182836627,4477.192019561801,1
830,22,Male,50,16,9,102.84386709389908,2220.915613180144,1
831,48,Male,23,60,9,28.018675681211327,2724.158118179211,1
832,22,Female,44,66,4,67.68388777331245,2437.2186238265035,1
833,55,Female,22,66,6,83.00931268616634,2007.1222312548502,0
834,20,Female,43,90,9,102.86529061182893,4448.380223314765,0
835,40,Male,37,13,3,98.34695600492677,4480.274202282953,1
836,54,Male,61,56,0,47.70692497133996,1745.5001867435192,1
837,54,Male,56,31,2,114.08801695592042,3113.84179467202,1
838,27,Female,3,34,4,32.43458414308704,4641.847054514734,0
839,27,Female,63,39,2,107.51336186211522,4814.086644812623,0
840,36,Male,19,67,6,117.09402496046185,2593.8992980680327,1
841,34,Female,23,8,8,37.71535232226256,2318.8415458932013,0
842,38,Male,29,87,5,92.20660642037853,1465.6021480497764,1
843,31,Male,30,78,9,24.028551877799845,4798.472178633009,1
844,26,Female,39,55,0,60.542282513915495,799.7900919170501,1
845,63,Male,25,27,6,71.6283299197674,2941.1649226338527,1
846,18,Female,8,93,2,78.0645225909634,1484.4963108413306,1
847,68,Male,58,53,4,113.59372482485595,1467.1406227042035,1
848,62,Female,16,39,9,87.22506872941946,2084.346078143323,1
849,30,Female,1,65,3,68.1277951219237,4994.085385496707,0
850,21,Female,5,17,9,100.96750362658894,369.33490351512813,1
851,18,Male,3,30,4,115.05328209544089,2934.854909197304,0
852,66,Male,65,53,4,22.206614868229085,504.6035743728582,1
853,57,Female,4,13,5,118.25212722560387,857.152066953543,1
854,49,Female,64,21,9,28.61321390636803,2253.8584146872035,0
855,51,Male,10,19,9,101.43867792687614,2601.2546435975623,0
856,45,Male,21,53,5,48.03347525514125,1368.0828009861675,1
857,48,Male,46,19,7,33.21796577538717,1650.6399412846392,0
858,25,Female,27,57,7,63.98556397138349,526.138399254072,1
859,56,Male,66,25,8,84.39565794476135,1585.7769408368276,1
860,43,Male,41,86,7,58.0951845023475,4836.136352964666,0
861,51,Female,13,31,1,25.456540828269894,4729.06617019516,0
862,20,Male,9,81,9,79.94611396587166,1740.9036216712266,0
863,67,Male,36,55,0,110.24032761106747,2897.184287765932,0
864,29,Male,58,23,9,58.32153659472517,4557.017416443628,1
865,18,Female,54,32,1,41.6332777630827,130.3007309403937,0
866,61,Female,12,62,1,64.25773459328154,4072.3494946542,0
867,22,Female,14,74,2,24.836271104878087,4747.010808665703,0
868,47,Female,34,10,9,102.04875844802748,547.4960982344296,0
869,47,Female,53,72,6,102.63408109501867,891.0936615613131,0
870,34,Female,20,54,1,78.80004634296284,4807.6568835796415,1
871,65,Female,16,52,0,55.31028889383895,2733.946703837697,1
872,64,Male,70,20,5,99.97833644457833,169.56350891144615,0
873,40,Male,56,32,8,75.46870247883672,1362.3967939412928,0
874,32,Female,58,14,2,102.59323085500162,2304.724003917412,1
875,54,Male,4,50,5,83.14587925830206,3495.2536640213616,0
876,38,Male,4,28,2,98.44054732127972,3692.485852870318,1
877,31,Female,20,53,0,79.85629932177599,4977.565413334735,1
878,19,Male,10,24,4,61.41410682156662,1508.8048769804193,0
879,28,Male,24,79,9,115.79458599261376,2737.2784991555286,1
880,68,Male,26,22,3,74.11138248788447,2713.2853845120644,0
881,56,Male,37,30,6,80.50895185405383,2087.661771291464,0
882,55,Male,54,63,5,42.048763941474924,928.8932798278589,1
883,51,Female,21,4,9,82.56507894272764,4889.537159600828,1
884,55,Female,38,77,6,77.16076494829439,4281.254214666272,0
885,67,Female,46,59,4,38.48383979470249,2541.8318386417623,1
886,51,Male,4,87,3,25.958709735314372,3055.902571151746,0
887,35,Female,60,8,6,80.43593197147712,1213.5791624423453,1
888,47,Male,57,82,6,96.36922693503206,2764.55664491956,1
889,32,Male,45,12,5,72.34013709220082,3505.3536522952313,0
890,44,Male,20,31,7,42.67726253196457,2624.318439094285,0
891,68,Male,17,78,3,86.65219766930349,4952.397335866212,0
892,51,Female,71,34,9,28.010572660960225,3095.5741156138583,1
893,69,Female,4,82,4,64.18337048019546,1917.7711917016284,0
894,55,Male,14,98,3,36.336675839842016,3883.544935317607,0
895,50,Female,3,75,0,38.44590510598834,935.266306750046,1
896,41,Male,58,76,7,40.229394915820365,1984.127487160706,1
897,32,Female,55,49,0,58.67070570439779,1800.0988568501707,0
898,47,Female,4,79,4,25.115020562039764,2215.8547660281088,0
899,59,Male,24,57,5,59.77934409290982,3930.721147050759,0
900,68,Female,34,95,5,71.17074471147009,2472.4478576006964,0
901,34,Male,30,93,4,68.32942849663252,3990.6708063032174,1
902,22,Female,19,26,2,58.27841004030405,2924.795625385343,1
903,46,Male,31,18,4,103.91466080707525,1776.1402298220212,0
904,21,Male,60,96,7,34.53266924205041,4068.895844049015,0
905,27,Female,60,86,1,70.56967437813739,1267.6193857101487,0
906,34,Female,19,38,5,26.20414169565543,1199.4766010189978,1
907,27,Male,49,81,8,27.115567887790974,2572.0643278686953,0
908,34,Female,63,87,7,77.38658496770964,1378.1613052142357,0
909,37,Female,22,88,7,76.6018424887821,144.52647126095997,1
910,41,Male,24,50,7,107.8033512844457,3276.6578837641273,1
911,22,Male,30,8,6,75.78736756600732,2604.35972521475,0
912,51,Female,58,41,7,115.97910204048502,2283.0372910164897,0
913,23,Male,31,6,5,24.869484839992978,4838.145721629745,1
914,19,Male,64,69,1,29.800768478074104,2898.876001418277,0
915,30,Male,19,44,1,24.40658615703814,4330.814731167984,0
916,60,Female,48,64,7,38.527685033354004,783.3061574052848,1
917,60,Female,45,29,0,74.12701109416781,2889.1116693341955,1
918,65,Male,55,28,5,84.5572181427428,4353.1001709814245,1
919,28,Female,55,11,5,24.558515794866878,2957.2182106715004,0
920,68,Male,18,65,3,114.59708898455993,3618.2694728223073,1
921,64,Female,63,19,9,104.2165376650381,1923.0134822798161,1
922,40,Male,47,9,2,49.661248215709314,553.0026334816264,0
923,33,Male,57,27,2,27.718753022646794,2343.71144612265,0
924,48,Female,45,34,0,36.98870732190573,2032.949015110402,1
925,28,Male,33,44,2,32.69444137549726,4348.594893656842,1
926,33,Female,17,68,3,32.328377929894685,1295.576981527114,0
927,25,Female,70,82,4,71.8561688665734,4836.997714922029,0
928,21,Male,4,15,2,44.584744249340034,4794.8767870420315,1
929,57,Male,20,51,5,55.81397165291445,1313.3950510500497,1
930,21,Female,47,13,4,118.95053333843225,1805.4545818388704,0
931,42,Male,15,83,2,88.43142489253448,4488.223130282036,1
932,20,Male,70,49,5,114.89806670470014,4836.448882390927,0
933,49,Male,47,70,5,34.25565550331156,2272.851603896616,1
934,20,Male,9,56,7,58.21394748325693,1672.8855236403992,0
935,44,Male,16,76,1,75.47318032823543,2677.860664932556,0
936,46,Female,69,51,0,27.6758061888738,3470.0691111921005,1
937,49,Female,61,37,3,20.418744362795785,1440.025125337401,1
938,67,Male,10,17,6,87.04343337969175,3708.7185556334566,0
939,68,Male,50,58,9,84.18195168014353,353.1210498617411,1
940,36,Male,3,87,2,61.07888099996118,341.5430145456406,1
941,38,Female,70,90,2,68.96440760320326,1992.8097552131717,1
942,22,Male,51,29,4,61.54430005920896,1832.018641097531,0
943,35,Female,19,33,4,22.400504484488884,1646.602755299046,1
944,45,Female,42,60,9,53.537160621746246,2505.996837077659,1
945,59,Female,35,91,2,37.708225539728986,1671.594553326699,0
946,39,Male,46,89,8,29.842418910136875,1042.0638004936504,1
947,38,Female,26,55,3,115.67204338893498,1616.4007905341446,1
948,23,Male,69,10,2,79.93597250421656,4877.030936770151,0
949,18,Female,64,47,1,92.86562842366027,2114.455743274758,0
950,22,Male,37,23,9,51.53637432661175,2279.092606605845,1
951,58,Female,49,85,8,59.31471294940152,2925.070450760586,1
952,29,Male,21,21,3,43.692399389672346,4918.3697652297105,0
953,43,Female,64,13,2,29.696567096542474,1283.8462545352388,0
954,63,Male,5,33,6,37.90316374415838,3438.282341608926,1
955,51,Male,70,24,7,99.75140452964858,3608.3249983544483,1
956,66,Male,4,11,1,87.75458051837758,3075.889642286023,1
957,31,Male,39,17,6,74.69288759854769,534.033864219556,0
958,43,Female,35,68,4,67.50898728667681,3416.674151555125,1
959,62,Female,1,47,4,112.24342836561244,414.06408407725985,0
960,44,Male,24,25,2,27.27349477786684,3021.098982794495,0
961,26,Female,57,94,4,48.06008132379159,3723.947768386539,0
962,43,Male,70,73,1,54.9937853570714,1133.7524640377571,1
963,64,Male,41,21,3,98.24258122127878,4223.947836959593,1
964,39,Female,54,84,5,119.25146201619714,248.7336471117209,1
965,64,Male,46,83,0,44.0670514757153,4234.6830319257,0
966,47,Male,60,83,9,107.43073341370805,2355.612348149549,1
967,60,Female,60,12,3,103.06227604317912,1166.180905665058,0
968,65,Male,57,37,5,42.46573976417666,755.5129104704432,0
969,34,Male,31,42,8,59.933258019922256,4771.205121153625,0
970,43,Male,24,17,1,60.96728692925191,456.0613791476679,0
971,53,Male,36,48,6,117.82206685265584,1075.5577576860358,0
972,18,Female,30,28,5,38.08919013788983,1804.3295024219253,0
973,25,Female,24,41,1,99.91579711047821,3139.1507599094903,1
974,66,Female,30,99,7,53.419271417310995,2769.525317852882,0
975,52,Male,7,47,6,93.08703457761604,715.6531128203385,1
976,69,Male,35,18,4,62.001100429566286,1519.6671203172516,0
977,32,Female,55,78,4,77.83597631165401,1269.883678321518,1
978,64,Male,14,99,6,103.26117733261312,1146.3599870026728,1
979,39,Male,10,71,8,100.41655649838842,2114.607248751937,1
980,31,Male,16,13,8,106.64231835397001,3549.754117699119,1
981,43,Male,54,82,8,25.961732534465902,1165.5193678644562,0
982,45,Female,70,13,5,89.20505530397449,1896.7265105446088,0
983,40,Female,44,31,9,33.99873767217629,2015.4953915216952,0
984,31,Female,45,2,5,61.5818568018411,4884.6369942335095,0
985,41,Male,56,16,2,74.85884150546885,4777.865148707438,1
986,19,Female,57,9,0,60.273948474683074,4020.674155485172,1
987,62,Female,21,73,6,71.96116758030075,1284.1287120140073,1
988,43,Male,68,38,3,119.65263087986192,433.3828390491815,0
989,31,Male,50,75,0,33.52173137128547,1652.8302748310614,1
990,68,Female,33,54,7,87.54560453364256,1407.2932922257712,0
991,24,Female,7,56,5,59.600096638561524,2579.03642071733,1
992,20,Female,70,86,5,33.300979890732876,3910.866759332186,1
993,64,Female,15,97,1,35.87367633743095,4305.782400506404,1
994,40,Male,32,87,0,114.92731062456168,4239.834018511492,1
995,63,Female,20,45,1,107.9601496711762,1862.410249993032,1
996,60,Female,15,34,3,110.70419604150219,3467.4482829573462,0
997,64,Male,48,9,1,119.15327758273865,1632.8875678686782,1
998,62,Female,71,88,0,40.83153900085179,398.4371618523953,0
999,35,Male,21,8,6,55.543933736406174,3537.669801454417,0
1000,55,Male,42,7,7,86.92190299248666,148.15500759196044,0
